#CODE;ENGLISH;FRENCH;GERMAN;ESPAÑOL;x;;
AIREASON_WRONG_RELIGION;Other Race;;;;;;;;;;;x
FILTER_SAME_REL_GROUP;My Race;;;;;;;;;;;x
MENU_MESSAGES_TAB_RELIGION;Race;;;;;;;;;;;x
INTERACTION_REQUIRES_SAME_RELIGION_AS_A_CHILD;[Recipient.GetBestName] must have same race as a child of [Actor.GetDynName];;;;;;;;;;;x
INTERACTION_REQUIRES_DIFFERENT_RELIGION;[Recipient.GetBestName]is of a different race than [Actor.GetBestName];;;;;;;;;;;x
INTERACTION_REQUIRES_THIRDPARTY_SAME_RELIGION;[ThirdPartyCharacter.GetBestName] is of the same race as [Actor.GetBestName];;;;;;;;;;;x
INTERACTION_REQUIRES_RECIPIENT_IS_RELIGIOUS_HEAD;[Recipient.GetBestName] is the representative of [Actor.GetBestName];;;;;;;;;;;x
INTERACTION_REQUIRES_TITLEHOLDER_SAME_RELIGIOUS_HEAD;[ThirdPartyTitle.Holder.GetBestName] has the same racial representative as [Actor.GetBestName];;;;;;;;;;;x
INTERACTION_REQUIRES_THIRDPARTY_SAME_RELIGIOUS_HEAD;[ThirdPartyCharacter.GetBestName] has the same racial representative as [Actor.GetBestName];;;;;;;;;;;x
INTERACTION_REQUIRES_LEADS_RELIGION;[Recipient.GetBestName] is representative of [Recipient.Religion.GetName];;;;;;;;;;;x
OFFER_VASSALIZATION_INTERACTION_LONG_DESC;We can offer to vassalize all landed rulers of lower rank than us, though they will probably not accept unless they are much weaker than us and of our race and culture.;;;;;;;;;;;x
DIVORCE_INTERACTION_LONG_DESC;Characters from cultures that accept it can simply arrange a divorce settlement with their spouse.;;;;;;;;;;;x
ATTACKING_SOMEONE_DEFENDING_AGAINST_OTHER_RELIGIOUS_GROUP;§RDeclaring war on someone defending against other races costs us an additional §Y$PIETY$ [Player.Religion.GetPietyName]§W;;;;;;;;;;;x
LEDGER_HEADER_RELIGIONS;Races;;;;;;;;;;;x
LEDGER_RELIGION_HEAD;Representative;;;;;;;;;;;x
PROV_RELIGIONCHANGE_SETUP;Territory Racial Change;;;;;;;;;;;x
PROV_RELIGIONCHANGE_LOG;The Territory of §Y$NAME$§! has converted to the §Y$RELIGIONNAME$§! Race;;;;;;;;;;;x
opinion_related_religion;Racial Differences;;;;;;;;;;;x
opinion_rightful_rel_head;Representative of Race;;;;;;;;;;;x
MODIFIER_RELIGION_FLEX;Opinion penalty for different race;;;;;;;;;;;x
opinion_head_of_religion_negative;Representative of Race dislikes you;;;;;;;;;;;x
different_religion;Different Racial Group;;;;;;;;;;;x
same_religion_group;Different Race;;;;;;;;;;;x
§WReligion;Race;;;;;;;;;;;x
Religion;Race;;;;;;;;;;;x
§WWorld Religions;World Races;;;;;;;;;;;x
§bReligion:;Race:;;;;;;;;;;;x
PROVIRO_REL;Race in Province;;;;;;;;;;;x
PROVIRO_SREL;Main Race;;;;;;;;;;;x
LEDGER_RELIGION;Race;;;;;;;;;;;x
LEDGER_PIE_RELIGON;Race;;;;;;;;;;;x
DIPRELCH_DIFF_RELIGION;Different Race;;;;;;;;;;;x
RELIGION;Race;;;;;;;;;;;x
MESSAGESETTING_RULERS1;You will receive messages regarding independent rulers of the same Race as you;;;;;;;;;;;x
MAPMODE_RELIGION;§YRaces§!;;;;;;;;;;;x
MAPMODE_RELIGION_DESC;This map mode show the spread of all Race in Middle-Earth.;;;;;;;;;;;x
STAT_RELIGION;Race;;;;;;;;;;;x
STAT_RELIGION_DESC;Race is a defining attribute of characters and determines which community they belong to. Characters of other Races are at best considered untrustworthy...;;;;;;;;;;;x
STAT_RELIGION_PROV_DESC;The Race of the populace is likely to affect the Race of characters born in the county.;;;;;;;;;;;x
GUARDIAN_IRO;A guardian is a teacher and mentor to a child character. The skills, traits and culture of the guardian are likely to be passed on to the young ward.;;;;;;;;;;;x
WARD_IRO;Adult characters can take on two children as their wards, passing on their skills, traits and culture.;;;;;;;;;;;x
SUPPLY_RELIGION;Different Racial Group: $VALUE$;;;;;;;;;;;x
REL_HEAD_OPINION;Representative of Race Opinion;;;;;;;;;;;x
HAVE_LESS_RELIGIONS_THAN;Have less Races than ;;;;;;;;;;;x
HAVE_MORE_RELIGIONS_THAN;Have more Races than ;;;;;;;;;;;x
HAVE_NOT_RELIGION;Have not Race ;;;;;;;;;;;x
HAVE_RELIGION;Have Race ;;;;;;;;;;;x
ISNT_STATE_RELIGION;Has different Race than the Liege;;;;;;;;;;;x
IS_STATE_RELIGION;Has the same Race as the Liege;;;;;;;;;;;x
DOESNT_CONTROL_RELIGION;Does NOT control a Race;;;;;;;;;;;x
CONTROLS_RELIGION;Controls a Race;;;;;;;;;;;x
RELIGION_HAS_LESS_AUTHORITY_THAN;Race has less Authority than ;;;;;;;;;;;x
RELIGION_HAS_AUTHORITY_OF_AT_LEAST;Race has Authority of at least ;;;;;;;;;;;x
IS_PARENT_REL_OF;Is the parent Race of §Y$RELIGION$§!;;;;;;;;;;;x
IS_NOT_PARENT_REL_OF;Is NOT the parent Race of §Y$RELIGION$§!;;;;;;;;;;;x
occupied_different_religion;Recently conquered (different Race);;;;;;;;;;;x
occupied_different_religiongroup;Recently conquered (different racial group);;;;;;;;;;;x
EDUCATE_CHARACTER_INTERACTION_LONG_DESC;At age 6, children can be assigned a guardian for a proper upbringing. The choice is important, because the mentor will tend to pass on their skills, traits, culture and type of education to the child.;;;;;;;;;;;x
THREAT_LIEGE_RELIGION;Same Race;;;;;;;;;;;x
WIKIPEDIA_LINK;§YTolkien Gateway Link§W;;;;;;;;;;;x
WIKIPEDIA_LINK_DESC;Opens a browser to the Tolkien Gateway page for this character;;;;;;;;;;;x
WIKIPEDIA_LINK_MISSING;§YThis character has no Tolkien Gateway link§W;;;;;;;;;;;x
WIKIPEDIA_LINK_DISABLED;Tolkien Gateway Links are disabled;;;;;;;;;;;x
ASK_TO_JOIN_WAR_INTERACTION_LONG_DESC;You can offer to join rulers of your own Race in many types of wars.;;;;;;;;;;;x
DECLARE_WAR_INTERACTION_4;§RNearby [Recipient.Religion.GetName] rulers might ask to join [Recipient.GetTitledName] in defense of their Race.§!;;;;;;;;;;;x
opinion_accepted_religion;Accepted My Race;;;;;;;;;;;x
opinion_wrong_religion;Wrong Race;;;;;;;;;;;x
HINT_PLOT_VIEW_TEXT_2;The Decisions available to you depend on a number of factors, such as your character's Race. There are many different Decisions that cover everything from inviting new nobles to holding grand tournaments.;;;;;;;;;;;x
RETCAP_FROM_RELIGION;From Race: $AMOUNT$\n;;;;;;;;;;;x
RELIGION_UNIT_MODIFIER;Modifier to all Units and Holdings controlled by this Race:;;;;;;;;;;;x
RELIGION_UNIT_HOME_MODIFIER;Additional Modifier in provinces of this Race:;;;;;;;;;;;x
TOGGLE_LOOTER_DESC;Setting this Unit to be a Looter will allow it to loot the provinces and holdings of other religions.\nThis will cause a temporary state of hostility with them however, allowing them to attack any of your troops;;;;;;;;;;;x
MORAL_AUTHORITY_OF_RELIGION;Authority of the §Y$RELIGION$§! faith: ;;;;;;;;;;;x
AIREASON_NOT_CONSORT_RELIGION;The §Y[Religion.GetName]§! Race does not permit the taking of concubines;;;;;;;;;;;x
AIREASON_NO_WAR_AGAINST_REL_BRETHREN;Will not join  enemies against members of your Race;;;;;;;;;;;x
religious_unrest;Racial Unrest;;;;;;;;;;;x
CAN_LOOT_RELIGION;Race allows looting;;;;;;;;;;;x
CAN_NOT_LOOT_RELIGION;Your Race does not allow looting;;;;;;;;;;;x
OFF_RELIGION;Offensive Race;;;;;;;;;;;x
DEF_RELIGION;Defensive Race;;;;;;;;;;;x
DEF_RELIGION_HOME_TERRITORY;Defensive Race in Home Territory;;;;;;;;;;;x
religious_revolt_desc;Peasants of a different religion group can rise up to throw off oppression and spread their faith with fire and sword.;;;;;;;;;;;x
BACK_TO_RELIGION_VIEW;Back to the Race View;;;;;;;;;;;x
TITLE_CANNOT_USURP_PRIMARY_OFF_OTHER_REL;§RCannot Usurp the sole primary title off a ruler of another Race who still holds land within it;;;;;;;;;;;x
TRAIT_OPINION_SAME_TRAIT_SAME_REL;Racial Same Trait Opinion: $VALUE$;;;;;;;;;;;x
VS_REL_ENEMY;Damage Against Racial Enemies;;;;;;;;;;;x
opinion_infidel;Different Race;;;;;;;;;;;x
dwarven_penalty;Dwarven Malus;;;;;;;;;;;x
noldor_penalty;Noldor Malus;;;;;;;;;;;x
gondorian_penalty;Gondorian Malus;;;;;;;;;;;x
dunedain_penalty;Dúnedain Malus;;;;;;;;;;;x
ent_penalty;Onodrim Malus;;;;;;;;;;;x
tax_of_mordor;Tributes of Mordor;;;;;;;;;;;x
druedain_penalty;Drúedain Malus;;;;;;;;;;;x
wilderness_penalty;Wilderness Malus;;;;;;;;;;;x
centralization;Centralization;;;;;;;;;;;x
centralization_desc;A centralized state is important for the liege to grow powerful, but a decentralized state might be easier to maintain.;;;;;;;;;;;x
centralization_0;Decentralized;;;;;;;;;;;x
centralization_0_option;Min;;;;;;;;;;;x
centralization_0_desc;The realm is entirely decentralized, and can effectively handle many vassals.;;;;;;;;;;;x
centralization_1;Low Centralization;;;;;;;;;;;x
centralization_1_option;Low;;;;;;;;;;;x
centralization_1_desc;The realm is somewhat decentralized, and can effectively handle several vassals.;;;;;;;;;;;x
centralization_2;Medium Centralization;;;;;;;;;;;x
centralization_2_option;Medium;;;;;;;;;;;x
centralization_2_desc;The realm is neither centralized nor decentralized, a balance between effective handling of vassals and a powerful demesne for the top liege.;;;;;;;;;;;x
centralization_3;High Centralization;;;;;;;;;;;x
centralization_3_option;High;;;;;;;;;;;x
centralization_3_desc;The realm is somewhat centralized, and allows a big demesne for the top liege.;;;;;;;;;;;x
centralization_4;Centralized;;;;;;;;;;;x
centralization_4_option;Max;;;;;;;;;;;x
centralization_4_desc;The realm is entirely centralized, and allows a much bigger demesne for the top liege.;;;;;;;;;;;x
AIREASON_PRESTIGE_EFFECTS;Influence Effects;;;;;;;;;;;x
DYNA_PRESTIGE;Influence:;;;;;;;;;;;x
PRESTIGE_EFFECT;$DIRECTION$ $VALUE$ Influence.\n;;;;;;;;;;;x
FAM_PRESTIGE_EFFECT;$WHO$ $DIRECTION$ $VALUE$ family Influence.\n;;;;;;;;;;;x
COMBATEND_PRESTIGE;§YInfluence Gained in Battle§!;;;;;;;;;;;x
CLAIM_TITLE_INTERACTION_LONG_DESC;Invent a reason for why a certain title should belong to you. It will cost Influence to make people accept this (though less if you have a de jure claim to it, or if your [Player.Religion.GetPietyName] is high.) The current title holder will not be pleased...;;;;;;;;;;;x
CLAIM_TITLE_INTERACTION_0;Select a title to claim. Claiming a title costs Influence and will lower §Y[Recipient.GetTitledFirstName]§W's opinion of you.;;;;;;;;;;;x
CLAIM_TITLE_INTERACTION_1;Claim the §Y[ThirdPartyTitle.GetFullName]§W for §R$PRESTIGE$§W Influence. This will lower §Y[Recipient.GetTitledFirstName]§W's opinion of you by §R$OPINION$§W.;;;;;;;;;;;x
REVOKE_TITLE_INTERACTION_LONG_DESC;Revoke a title from one of your vassals. It will infuriate the vassal, and, unless you have a claim on the title, will cost you Influence and anger your other vassals too.;;;;;;;;;;;x
REVOKE_TITLE_INTERACTION_0;Select a title to revoke. Revoking a title will lower §Y[Recipient.GetTitledFirstName]§W's opinion of you. If you do not have a claim on the title or high enough Crown Authority, it will cost you Influence and anger your vassals.;;;;;;;;;;;x
REVOKE_TITLE_INTERACTION_1;Revoke the §Y[ThirdPartyTitle.GetFullName]§W for §R$PRESTIGE$§W Influence. This will lower §Y[Recipient.GetTitledFirstName]§W's opinion of you by §R$OPINION$§W, and your other vassals' by §R$OPINION2$§W.;;;;;;;;;;;x
REVOKE_TITLE_INTERACTION_2;Revoke the §Y[ThirdPartyTitle.GetFullName]§W. This will lower §Y[Recipient.GetTitledFirstName]§W's opinion of you by §R$OPINION$§W.;;;;;;;;;;;x
AWARD_HONORARY_TITLE_INTERACTION_LONG_DESC;You can hand out honorary titles to your courtiers, which will raise their opinion of you. Some honorary titles also come with minor estates (a source of income) and monthly Influence gain.;;;;;;;;;;;x
DECLARE_WAR_INTERACTION_2;Attacking an ally would cost us §R$PRESTIGE$§! Influence;;;;;;;;;;;x
OFFER_MARRIGE_INTERACTION_LONG_DESC;Marriage and the choice of a spouse is important for several reasons:\n- You need to produce heirs lest your line end, and the game with it!\n- Half of your spouse's attribute values are added to your own.\n- You can call your in-laws to war (including those of your children and siblings)\n- Characters gain influence by marrying above their rank\n- Characters gain Influence by marrying into a influent Dynasty;;;;;;;;;;;x
CALL_ALLY_INTERACTION_LETTER_1;$ENEMYLIST$.\n\nDeclining would cost us §R$PRESTIGE$§! Influence.;;;;;;;;;;;x
LEDGER_CHARACTER_PRESTIGE;Influence;;;;;;;;;;;x
Influence;Influence;;;;;;;;;;;x
MONTHLY_CHARACTER_PRESTIGE;Monthly Influence;;;;;;;;;;;x
MODIFIER_ADD_PRESTIGE;Monthly Influence gain;;;;;;;;;;;x
CH_PRESTIGE_CHANGE;Influence $DIRECTION$ by $CHANGE$;;;;;;;;;;;x
STAT_PRESTIGE_DESC;Influence is a measure of your success and can be spent to carry out special actions. The Influence of each successive ruler you play is summed up and used to calculate your final score.;;;;;;;;;;;x
TITLE_CREATION_DESC;You need to control §Y$REQ_PERC$%§! of its de jure Counties to create this title. Currently, you control $PERC$ ($HELD$/§Y$ALL$§!). Creating this title would give you §G$PRESTIGE$§! Influence and cost you §R$GOLD$§! Gold.;;;;;;;;;;;x
TITLE_USURPATION_DESC;You need to control §Y$REQ_PERC$%§! of its de jure Counties to usurp this title. Currently, you control $PERC$ ($HELD$/§Y$ALL$§!). Usurping this title would give you §G$PRESTIGE$§! Influence and cost you §R$GOLD$§! Gold.;;;;;;;;;;;x
#TITLE_CREATION_COST_DESC;Creating this title would give you §G$PRESTIGE$§b Influence and cost you §R$GOLD$§b Gold.;;;;;;;;;;;x
TITLE_USURPATION_COST_DESC;Usurping this title would give you §G$PRESTIGE$§! Influence and cost you §R$GOLD$§! Gold.;;;;;;;;;;;x
#STAT_SCORE_DESC;The Influence and [Player.Religion.GetPietyName] of each successive character you have played is added to your score at the time of their death. Your score will determine your final rank when the game ends.;;;;;;;;;;;x
MONTHLY_PRESTIGE;Monthly Influence;;;;;;;;;;;x
TITLE_PRESTIGE;Monthly Influence;;;;;;;;;;;x
DYNASTY_PRESTIGE_DESC;The influence of a dynasty is measured by the number and rank of titles ever held by its members, living and dead. A fraction of this sum is given to each new member of the dynasty at birth, and to anyone who marries a member of the dynasty.;;;;;;;;;;;x
DYNASTY_DRO;This is the Dynasty of this character. Some dynasties are more influent than others, depending on the number and rank of all landed titles ever held by their members, living and dead. A fraction of the Influence of both the mother and father's Dynasty is carried over to children born in wedlock. Spouses also get a fraction of each other's dynastic influence when marrying.;;;;;;;;;;;x
PRESTIGE_FROM_MARRIAGE;§Y$RULER$§!'s Influence Gain from the Marriage;;;;;;;;;;;x
HAS_LOWER_PRESTIGE_THAN;Has Lower Influence than ;;;;;;;;;;;x
HAS_HIGHER_PRESTIGE_THAN;Has Influence of at least ;;;;;;;;;;;x
PLAYER_HEIR_DESC;The Dynastic Heir is the legal successor to a character. If a player has no Dynastic Heir, the game will end. On succession, the Influence and [Player.Religion.GetPietyName] of a character is carried over to the Heir in the form of Score.;;;;;;;;;;;x
TITLE_CREATION_KING_DESC;You need to control §Y$REQ_PERC$%§! of its de jure Counties to create this title. Currently, you control $PERC$ ($HELD$/§Y$ALL$§!). Creating this title would give you §G$PRESTIGE$§! Influence and cost you §R$GOLD$§! Gold and §R$PIETY$§! $PIETYNAME$.;;;;;;;;;;;x
TITLE_CREATION_KING_COST_DESC;Creating this title would give you §G$PRESTIGE$§! Influence and cost you §R$GOLD$§! Gold and §R$PIETY$§! $PIETYNAME$.;;;;;;;;;;;x
COMBATEND_PRESTIGE_LOST;§YInfluence Lost in Battle§!;;;;;;;;;;;x
TITLE_TITULAR_CREATION_DESC;Creating this title would give you §G$PRESTIGE$§! Influence and cost you §R$GOLD$§!¤ and §R$PIETY$§! $PIETYNAME$.;;;;;;;;;;;x
TITLE_CREATION_EMPEROR_DESC;You need to control §Y$REQ_PERC$%§! of its de jure Counties to create this title. Currently, you control $PERC$ ($HELD$/§Y$ALL$§!). Creating this title would give you §G$PRESTIGE$§! Influence and cost you §R$GOLD$§! Gold and §R$PIETY$§! $PIETYNAME$.;;;;;;;;;;;x
TITLE_DESTRUCTION_COST_DESC;Destroying this title would cost you §R$PRESTIGE$§! Influence. All de jure vassals of the $TITLE$ will be upset (§R$OPINION$§! Opinion).;;;;;;;;;;;x
CANNOT_AFFORD_DESTRUCTION;Must have §R$PRESTIGE$§! Influence;;;;;;;;;;;x
PART_SCALED_PRESTIGE_EFFECT;§Y$WHO$§!: $DIRECTION$ $VALUE$ Influence from war contribution.\n;;;;;;;;;;;x
INTERACTION_PREP_INV_REQ_PRESTIGE;§Y[Actor.GetTitledName]§! must have at least §Y$PRESTIGE$§! Influence;;;;;;;;;;;x
MAKE_CONSORT_INTERACTION_3;§Y[Actor.GetBestName]§! would gain §G$PRESTIGE$§! Influence from taking a concubine as noble as §Y[ThirdPartyCharacter.GetBestName]§!.;;;;;;;;;;;x
alert_at_peace_Influence_loss_delayed;As a §Y$RELIGION$ Pagan§!, you lose §R$PRESTIGE$§! Influence every month for being at peace and doing no raiding.;;;;;;;;;;;x
LOOT_EFFECTS;Loot: §Y$GOLD$§!¤\nInfluence: §Y$PRESTIGE$§!;;;;;;;;;;;x
LOOT_SHIP_RETURNED_LOG;A fleet $AMOUNT$ has returned from raiding. §Y$OWNER$§! gains §Y$GOLD$§! gold and §Y$PRESTIGE$§! Influence;;;;;;;;;;;x
DECLARE_WAR_INTERACTION_0;Breaking the Truce (ends on §Y$DATE$§!) would cost you §R$PRESTIGE$§! Influence and lower all §Y[Recipient.Religion.GetGroupName]§! rulers' opinion of you by §R$OPINION$§!. You will be considered a '§YTruce Breaker§!' (§R-5§! Diplomacy for §Y5§! years.);;;;;;;;;;;x
OFFER_MARRIGE_INTERACTION_2A;Propose that §Y[ActorExtra.GetTitledFirstName]§W and §Y[RecipientExtra.GetTitledFirstName]§W get married. As the relative of a $MYPARTYTIER$, §Y$MYPARTY$§W would gain $PRESTIGE$ Influence from marrying into §YHouse [RecipientExtra.GetOnlyDynastyName]§W and $PRESTIGE2$ from marrying the relative of a $THEIRPARTYTIER$.;;;;;;;;;;;x
OFFER_MARRIGE_INTERACTION_2B;Propose that §Y[ActorExtra.GetTitledFirstName]§W and §Y[RecipientExtra.GetTitledFirstName]§W get married. As the relative of a $MYPARTYTIER$, §Y$MYPARTY$§W and you would gain $PRESTIGE$ Influence from marrying into §YHouse [RecipientExtra.GetOnlyDynastyName]§W and $PRESTIGE2$ from marrying the relative of a $THEIRPARTYTIER$.;;;;;;;;;;;x
OFFER_MARRIGE_INTERACTION_2C;Propose that §Y[ActorExtra.GetTitledFirstName]§W and §Y[RecipientExtra.GetTitledFirstName]§W get married. As a $MYPARTYTIER$, §Y$MYPARTY$§W would gain $PRESTIGE$ Influence from marrying into §YHouse [RecipientExtra.GetOnlyDynastyName]§W and $PRESTIGE2$ from marrying the relative of a $THEIRPARTYTIER$.;;;;;;;;;;;x
OFFER_MARRIGE_INTERACTION_2D;Propose that §Y[ActorExtra.GetTitledFirstName]§W and §Y[RecipientExtra.GetTitledFirstName]§W get married. As a $MYPARTYTIER$, §Y$MYPARTY$§W and you would gain $PRESTIGE$ Influence from marrying into §YHouse [RecipientExtra.GetOnlyDynastyName]§W and $PRESTIGE2$ from marrying the relative of a $THEIRPARTYTIER$.;;;;;;;;;;;x
OFFER_MARRIGE_INTERACTION_2E;Propose that §Y[ActorExtra.GetTitledFirstName]§W and §Y[RecipientExtra.GetTitledFirstName]§W get married. As the relative of a $MYPARTYTIER$, §Y$MYPARTY$§W would gain $PRESTIGE$ Influence from marrying into §YHouse [RecipientExtra.GetOnlyDynastyName]§W and $PRESTIGE2$ from marrying a $THEIRPARTYTIER$.;;;;;;;;;;;x
OFFER_MARRIGE_INTERACTION_2F;Propose that §Y[ActorExtra.GetTitledFirstName]§W and §Y[RecipientExtra.GetTitledFirstName]§W get married. As the relative of a $MYPARTYTIER$, §Y$MYPARTY$§W and you would gain $PRESTIGE$ Influence from marrying into §YHouse [RecipientExtra.GetOnlyDynastyName]§W and $PRESTIGE2$ from marrying a $THEIRPARTYTIER$.;;;;;;;;;;;x
OFFER_MARRIGE_INTERACTION_2G;Propose that §Y[ActorExtra.GetTitledFirstName]§W and §Y[RecipientExtra.GetTitledFirstName]§W get married. As a $MYPARTYTIER$, §Y$MYPARTY$§W would gain $PRESTIGE$ Influence from marrying into §YHouse [RecipientExtra.GetOnlyDynastyName]§W and $PRESTIGE2$ from marrying a $THEIRPARTYTIER$.;;;;;;;;;;;x
OFFER_MARRIGE_INTERACTION_2H;Propose that §Y[ActorExtra.GetTitledFirstName]§W and §Y[RecipientExtra.GetTitledFirstName]§W get married. As a $MYPARTYTIER$, §Y$MYPARTY$§W and you would gain $PRESTIGE$ Influence from marrying into §YHouse [RecipientExtra.GetOnlyDynastyName]§W and $PRESTIGE2$ from marrying a $THEIRPARTYTIER$.;;;;;;;;;;;x
OFFER_SUCCESSION_MARRIGE_INTERACTION_2A;Propose that §Y[ActorExtra.GetTitledFirstName]§W and §Y[RecipientExtra.GetTitledFirstName]§W get married matrilineally. As the relative of a $MYPARTYTIER$, §Y$MYPARTY$§W would gain $PRESTIGE$ Influence from marrying into §YHouse [RecipientExtra.GetOnlyDynastyName]§W and $PRESTIGE2$ from marrying the relative of a $THEIRPARTYTIER$.;;;;;;;;;;;x
OFFER_SUCCESSION_MARRIGE_INTERACTION_2B;Propose that §Y[ActorExtra.GetTitledFirstName]§W and §Y[RecipientExtra.GetTitledFirstName]§W get married matrilineally. As the relative of a $MYPARTYTIER$, §Y$MYPARTY$§W and you would gain $PRESTIGE$ Influence from marrying into §YHouse [RecipientExtra.GetOnlyDynastyName]§W and $PRESTIGE2$ from marrying the relative of a $THEIRPARTYTIER$.;;;;;;;;;;;x
OFFER_SUCCESSION_MARRIGE_INTERACTION_2C;Propose that §Y[ActorExtra.GetTitledFirstName]§W and §Y[RecipientExtra.GetTitledFirstName]§W get married matrilineally. As a $MYPARTYTIER$, §Y$MYPARTY$§W would gain $PRESTIGE$ Influence from marrying into §YHouse [RecipientExtra.GetOnlyDynastyName]§W and $PRESTIGE2$ from marrying the relative of a $THEIRPARTYTIER$.;;;;;;;;;;;x
OFFER_SUCCESSION_MARRIGE_INTERACTION_2D;Propose that §Y[ActorExtra.GetTitledFirstName]§W and §Y[RecipientExtra.GetTitledFirstName]§W get married matrilineally. As a $MYPARTYTIER$, §Y$MYPARTY$§W and you would gain $PRESTIGE$ Influence from marrying into §YHouse [RecipientExtra.GetOnlyDynastyName]§W and $PRESTIGE2$ from marrying the relative of a $THEIRPARTYTIER$.;;;;;;;;;;;x
OFFER_SUCCESSION_MARRIGE_INTERACTION_2E;Propose that §Y[ActorExtra.GetTitledFirstName]§W and §Y[RecipientExtra.GetTitledFirstName]§W get married matrilineally. As the relative of a $MYPARTYTIER$, §Y$MYPARTY$§W would gain $PRESTIGE$ Influence from marrying into §YHouse [RecipientExtra.GetOnlyDynastyName]§W and $PRESTIGE2$ from marrying a $THEIRPARTYTIER$.;;;;;;;;;;;x
OFFER_SUCCESSION_MARRIGE_INTERACTION_2F;Propose that §Y[ActorExtra.GetTitledFirstName]§W and §Y[RecipientExtra.GetTitledFirstName]§W get married matrilineally. As the relative of a $MYPARTYTIER$, §Y$MYPARTY$§W and you would gain $PRESTIGE$ Influence from marrying into §YHouse [RecipientExtra.GetOnlyDynastyName]§W and $PRESTIGE2$ from marrying a $THEIRPARTYTIER$.;;;;;;;;;;;x
OFFER_SUCCESSION_MARRIGE_INTERACTION_2G;Propose that §Y[ActorExtra.GetTitledFirstName]§W and §Y[RecipientExtra.GetTitledFirstName]§W get married matrilineally. As a $MYPARTYTIER$, §Y$MYPARTY$§W would gain $PRESTIGE$ Influence from marrying into §YHouse [RecipientExtra.GetOnlyDynastyName]§W and $PRESTIGE2$ from marrying a $THEIRPARTYTIER$.;;;;;;;;;;;x
OFFER_SUCCESSION_MARRIGE_INTERACTION_2H;Propose that §Y[ActorExtra.GetTitledFirstName]§W and §Y[RecipientExtra.GetTitledFirstName]§W get married matrilineally. As a $MYPARTYTIER$, §Y$MYPARTY$§W and you would gain $PRESTIGE$ Influence from marrying into §YHouse [RecipientExtra.GetOnlyDynastyName]§W and $PRESTIGE2$ from marrying a $THEIRPARTYTIER$.;;;;;;;;;;;x
ARRANGE_BETROTHAL_INTERACTION_2A;Propose that §Y[ActorExtra.GetTitledFirstName]§W and §Y[RecipientExtra.GetTitledFirstName]§W get betrothed. As the relative of a $MYPARTYTIER$, §Y$MYPARTY$§W would gain $PRESTIGE$ Influence from marrying into §YHouse [RecipientExtra.GetOnlyDynastyName]§W and $PRESTIGE2$ from marrying the relative of a $THEIRPARTYTIER$.;;;;;;;;;;;x
ARRANGE_BETROTHAL_INTERACTION_2B;Propose that §Y[ActorExtra.GetTitledFirstName]§W and §Y[RecipientExtra.GetTitledFirstName]§W get betrothed. As the relative of a $MYPARTYTIER$, §Y$MYPARTY$§W and you would gain $PRESTIGE$ Influence from marrying into §YHouse [RecipientExtra.GetOnlyDynastyName]§W and $PRESTIGE2$ from marrying the relative of a $THEIRPARTYTIER$.;;;;;;;;;;;x
ARRANGE_BETROTHAL_INTERACTION_2C;Propose that §Y[ActorExtra.GetTitledFirstName]§W and §Y[RecipientExtra.GetTitledFirstName]§W get betrothed. As a $MYPARTYTIER$, §Y$MYPARTY$§W would gain $PRESTIGE$ Influence from marrying into §YHouse [RecipientExtra.GetOnlyDynastyName]§W and $PRESTIGE2$ from marrying the relative of a $THEIRPARTYTIER$.;;;;;;;;;;;x
ARRANGE_BETROTHAL_INTERACTION_2D;Propose that §Y[ActorExtra.GetTitledFirstName]§W and §Y[RecipientExtra.GetTitledFirstName]§W get betrothed. As a $MYPARTYTIER$, §Y$MYPARTY$§W and you would gain $PRESTIGE$ Influence from marrying into §YHouse [RecipientExtra.GetOnlyDynastyName]§W and $PRESTIGE2$ from marrying the relative of a $THEIRPARTYTIER$.;;;;;;;;;;;x
ARRANGE_BETROTHAL_INTERACTION_2E;Propose that §Y[ActorExtra.GetTitledFirstName]§W and §Y[RecipientExtra.GetTitledFirstName]§W get betrothed. As the relative of a $MYPARTYTIER$, §Y$MYPARTY$§W would gain $PRESTIGE$ Influence from marrying into §YHouse [RecipientExtra.GetOnlyDynastyName]§W and $PRESTIGE2$ from marrying a $THEIRPARTYTIER$.;;;;;;;;;;;x
ARRANGE_BETROTHAL_INTERACTION_2F;Propose that §Y[ActorExtra.GetTitledFirstName]§W and §Y[RecipientExtra.GetTitledFirstName]§W get betrothed. As the relative of a $MYPARTYTIER$, §Y$MYPARTY$§W and you would gain $PRESTIGE$ Influence from marrying into §YHouse [RecipientExtra.GetOnlyDynastyName]§W and $PRESTIGE2$ from marrying a $THEIRPARTYTIER$.;;;;;;;;;;;x
ARRANGE_BETROTHAL_INTERACTION_2G;Propose that §Y[ActorExtra.GetTitledFirstName]§W and §Y[RecipientExtra.GetTitledFirstName]§W get betrothed. As a $MYPARTYTIER$, §Y$MYPARTY$§W would gain $PRESTIGE$ Influence from marrying into §YHouse [RecipientExtra.GetOnlyDynastyName]§W and $PRESTIGE2$ from marrying a $THEIRPARTYTIER$.;;;;;;;;;;;x
ARRANGE_BETROTHAL_INTERACTION_2H;Propose that §Y[ActorExtra.GetTitledFirstName]§W and §Y[RecipientExtra.GetTitledFirstName]§W get betrothed. As a $MYPARTYTIER$, §Y$MYPARTY$§W and you would gain $PRESTIGE$ Influence from marrying into §YHouse [RecipientExtra.GetOnlyDynastyName]§W and $PRESTIGE2$ from marrying a $THEIRPARTYTIER$.;;;;;;;;;;;x
ARRANGE_SUCC_BETROTHAL_INTERACTION_2A;Propose that §Y[ActorExtra.GetTitledFirstName]§W and §Y[RecipientExtra.GetTitledFirstName]§W get betrothed matrilineally. As the relative of a $MYPARTYTIER$, §Y$MYPARTY$§W would gain $PRESTIGE$ Influence from marrying into §YHouse [RecipientExtra.GetOnlyDynastyName]§W and $PRESTIGE2$ from marrying the relative of a $THEIRPARTYTIER$.;;;;;;;;;;;x
ARRANGE_SUCC_BETROTHAL_INTERACTION_2B;Propose that §Y[ActorExtra.GetTitledFirstName]§W and §Y[RecipientExtra.GetTitledFirstName]§W get betrothed matrilineally. As the relative of a $MYPARTYTIER$, §Y$MYPARTY$§W and you would gain $PRESTIGE$ Influence from marrying into §YHouse [RecipientExtra.GetOnlyDynastyName]§W and $PRESTIGE2$ from marrying the relative of a $THEIRPARTYTIER$.;;;;;;;;;;;x
ARRANGE_SUCC_BETROTHAL_INTERACTION_2C;Propose that §Y[ActorExtra.GetTitledFirstName]§W and §Y[RecipientExtra.GetTitledFirstName]§W get betrothed matrilineally. As a $MYPARTYTIER$, §Y$MYPARTY$§W would gain $PRESTIGE$ Influence from marrying into §YHouse [RecipientExtra.GetOnlyDynastyName]§W and $PRESTIGE2$ from marrying the relative of a $THEIRPARTYTIER$.;;;;;;;;;;;x
ARRANGE_SUCC_BETROTHAL_INTERACTION_2D;Propose that §Y[ActorExtra.GetTitledFirstName]§W and §Y[RecipientExtra.GetTitledFirstName]§W get betrothed matrilineally. As a $MYPARTYTIER$, §Y$MYPARTY$§W and you would gain $PRESTIGE$ Influence from marrying into §YHouse [RecipientExtra.GetOnlyDynastyName]§W and $PRESTIGE2$ from marrying the relative of a $THEIRPARTYTIER$.;;;;;;;;;;;x
ARRANGE_SUCC_BETROTHAL_INTERACTION_2E;Propose that §Y[ActorExtra.GetTitledFirstName]§W and §Y[RecipientExtra.GetTitledFirstName]§W get betrothed matrilineally. As the relative of a $MYPARTYTIER$, §Y$MYPARTY$§W would gain $PRESTIGE$ Influence from marrying into §YHouse [RecipientExtra.GetOnlyDynastyName]§W and $PRESTIGE2$ from marrying a $THEIRPARTYTIER$.;;;;;;;;;;;x
ARRANGE_SUCC_BETROTHAL_INTERACTION_2F;Propose that §Y[ActorExtra.GetTitledFirstName]§W and §Y[RecipientExtra.GetTitledFirstName]§W get betrothed matrilineally. As the relative of a $MYPARTYTIER$, §Y$MYPARTY$§W and you would gain $PRESTIGE$ Influence from marrying into §YHouse [RecipientExtra.GetOnlyDynastyName]§W and $PRESTIGE2$ from marrying a $THEIRPARTYTIER$.;;;;;;;;;;;x
ARRANGE_SUCC_BETROTHAL_INTERACTION_2G;Propose that §Y[ActorExtra.GetTitledFirstName]§W and §Y[RecipientExtra.GetTitledFirstName]§W get betrothed matrilineally. As a $MYPARTYTIER$, §Y$MYPARTY$§W would gain $PRESTIGE$ Influence from marrying into §YHouse [RecipientExtra.GetOnlyDynastyName]§W and $PRESTIGE2$ from marrying a $THEIRPARTYTIER$.;;;;;;;;;;;x
ARRANGE_SUCC_BETROTHAL_INTERACTION_2H;Propose that §Y[ActorExtra.GetTitledFirstName]§W and §Y[RecipientExtra.GetTitledFirstName]§W get betrothed matrilineally. As a $MYPARTYTIER$, §Y$MYPARTY$§W and you would gain $PRESTIGE$ Influence from marrying into §YHouse [RecipientExtra.GetOnlyDynastyName]§W and $PRESTIGE2$ from marrying a $THEIRPARTYTIER$.;;;;;;;;;;;x
INTERACTION_REQUIRES_PRESTIGE;§Y[Actor.GetBestName]§! can afford to lose §Y$COST$§W Influence;;;;;;;;;;;x
LIEGE_PRESTIGE_BUILDING;Influence to Liege: §G+$VALUE$§!;;;;;;;;;;;x
MONTHLY_PRESTIGE_TO_LIEGE;Monthly Influence to Liege: §G+$VALUE$§!\n;;;;;;;;;;;x
NO_LIEGEPRESTIGE;This vassal is not giving any Influence to you.\nSome buildings give Influence to the holder and the holder's liege.;;;;;;;;;;;x
LIEGE_PRESTIGE_SELF;Influence from own buildings: §G+$VALUE$§!;;;;;;;;;;;x
LIEGE_PRESTIGE;Influence from vassal buildings: §G+$VALUE$§!;;;;;;;;;;;x
succ_gavelkind_desc;The titles of the ruler are divided among his children, with the oldest getting the primary title. If the ruler has no children who can inherit, the law defaults to Primogeniture. You get no Influence penalty for having unlanded sons, and can have a §Y30%§! larger demesne. Gavelkind is a very popular law with everyone except the oldest child. Destruction of titles while under Gavelkind succession is not allowed.;;;;;;;;;;;x
TITLE_DESTROY_TOOLTIP_CAN_AFFORD;Can afford to lose §Y$PRESTIGE$§! Influence;;;;;;;;;;;x
REVOKE_HONORARY_TITLE_INTERACTION_LONG_DESC;You can revoke honorary titles that you have awarded to characters, depriving them of the Influence and income from those titles.;;;;;;;;;;;x
MIL_HOLY_ORDERS;Orders;;;;;;;;;;;x
LOADING_MAP_SPRITES;Loading Map-Sprites...;;;;;;;;;;;x
LOADING_GUI_DEF;Loading GUI Definitions...;;;;;;;;;;;x
LOADING_DATABASES;Loading Databases...;;;;;;;;;;;x
INIT_MAP_LOGIC;Initialising Map Logic...;;;;;;;;;;;x
CREATING_CHKSUM;Creating Checksum...;;;;;;;;;;;x
LOADING_HISTORY;Loading History Files...;;;;;;;;;;;x
LOADING_SOUNDS;Loading Sounds...;;;;;;;;;;;x
PROC_FLAGS;Processing Flags...;;;;;;;;;;;x
LOAD_FLAGS;Loading Flags...;;;;;;;;;;;x
LOAD_GFX;Loading Graphics...;;;;;;;;;;;x
CREATING_THE_WORLD;Creating the World...;;;;;;;;;;;x
CREATING_TREES;Creating Trees...;;;;;;;;;;;x
CREATING_BORDERS;Creating Borders...;;;;;;;;;;;x
CREATING_RIVERS;Creating Rivers...;;;;;;;;;;;x
MAP_PROPERLY_INIT;Map Properly Initialised...;;;;;;;;;;;x
CREATING_PROVINCE;Creating Counties;;;;;;;;;;;x
CREATING_TEXTS;Creating Texts....;;;;;;;;;;;x
LOAD_EVENTS;Loading Events...;;;;;;;;;;;x
ADAPTING_HISTORY;Adapting History...;;;;;;;;;;;x
LOAD_CITY;Loading City...;;;;;;;;;;;x
CALC_PATHS;Calculating paths...;;;;;;;;;;;x
LOAD_GFX_PDXMAP_SHADERS;Loading Map(Creating Shaders)...;;;;;;;;;;;x
LOAD_GFX_PDXMAP_TERRAIN;Loading Map(Creating Terrain)...;;;;;;;;;;;x
LOAD_GFX_PDXMAP_BORDERS;Loading Map(Creating Borders)...;;;;;;;;;;;x
LOAD_GFX_PDXMAP_TEXTURES;Loading Map(Creating Textures)...;;;;;;;;;;;x
LOAD_GFX_PDXMAP_TREES;Loading Map(Creating Trees)...;;;;;;;;;;;x
LOAD_GFX_PDXMAP_RIVERS;Loading Map(Creating Rivers)...;;;;;;;;;;;x
LOAD_GFX_PDXMAP_STATIC_OBJECTS;Loading Map(Creating objects)...;;;;;;;;;;;x
LOAD_INIT;Initialising Game...;;;;;;;;;;;x
GENERATING_COAS;Generating Coats of Arms;;;;;;;;;;;x
LOADING_CALC_NAVAL;Calculating Naval Ranges...;;;;;;;;;;;x